NAME, ACTIVE, URL, DESCRIPTION, PARENT_ID, PARENT_NAME,
1,Root Catalog,,,,0,
2,Impact,,impact,,1,Root Catalog
4,Vello,,vello,,1,Root Catalog
6,Polsen,,polsen,,1,Root Catalog
129,Chiaro,,chiaro,,1,Root Catalog
131,Axler,,axler,,1,Root Catalog
132,Senal,,senal,,1,Root Catalog
133,Auray,,auray,,1,Root Catalog
134,Arco,,arco,,1,Root Catalog
135,Ruggard,,ruggard,,1,Root Catalog
136,Pearstone,,pearstone,,1,Root Catalog
137,Kopul,,kopul,,1,Root Catalog
138,Xcellon,,xcellon,,1,Root Catalog
139,Gabor,,gabor,,1,Root Catalog
140,Xuma,,xuma,,1,Root Catalog
141,Vulta,,vulta,,1,Root Catalog
142,Raya,,raya,,1,Root Catalog
143,Angler,,angler,,1,Root Catalog
144,Bolt,,bolt,,1,Root Catalog
145,Ziv,,ziv,,1,Root Catalog
146,Sensei,,sensei,,1,Root Catalog
147,Watson,,watson,,1,Root Catalog
148,Magnus,,magnus,,1,Root Catalog
149,Oben,,oben,,1,Root Catalog
150,Helder,,helder,,1,Root Catalog
151,Revo,,revo,,1,Root Catalog
152,Elvid,,elvid,,1,Root Catalog
153,gradus,,gradus,,1,Root Catalog
3,Lights,,lights,,2,Impact
12,Light Controls & Accessories,,light-controls-accessories,,2,Impact
26,Studio Equipment,,studio-equipment,,2,Impact
115,Home Featured Products,,home-featured,,2,Impact
21,Monolight Lighting,,monolight-lighting,,3,Lights
22,Battery Powered Strobe Lighting,,battery-powered-strobe-lighting,,3,Lights
23,Fluorescent Lighting,,fluorescent-lighting,,3,Lights
24,Tungsten Lighting,,tungsten-lighting,,3,Lights
25,Slave Strobes,,slave-strobes,,3,Lights
40,Popular Products,,popular-products,,3,Lights
41,New Products,,new-products,,3,Lights
5,Camera Accessories,,camera-accessories,,4,Vello
44,Flash Accessories,,flash-accessories,,4,Vello
65,Camcorder Accessories,,camcorder-accessories,,4,Vello
66,Lens Accessories,,lens-accessories,,4,Vello
116,New Releases,,new-releases,,4,Vello
117,Featured Products,,featured-products,,4,Vello
118,Popular,,popular-products,,4,Vello
70,Battery Grips & Accessories,,battery-grips-accessories,,5,Camera Accessories
71,Other Accessories,,bubble-levels,,5,Camera Accessories
73,Camera Trigger Systems,,camera-trigger-systems,,5,Camera Accessories
74,Eyepiece Accessories,,eyepiece-accessories,,5,Camera Accessories
75,LCD Hoods & Protectors,,lcd-hoods-protectors,,5,Camera Accessories
76,Lens Extension Tubes,,lens-extension-tubes,,5,Camera Accessories
77,Shutter Release Accessories,,shutter-release-accessories,,5,Camera Accessories
78,Shutter Releases,,shutter-releases,,5,Camera Accessories
79,White Balance Accessories,,white-balance-accessories,,5,Camera Accessories
95,New Products,,new-products,,5,Camera Accessories
96,Popular Products,,popular-products,,5,Camera Accessories
126,GPS/Geotagging,,gps-geotagging,,5,Camera Accessories
128,Panoramic Accessories,,panoramic-accessories,,5,Camera Accessories
49,Products,,products,,6,Polsen
58,Headphones,,headphones,,7,Headphones & Accessories
59,Headphone Amplifiers,,headphone-amplifiers,,7,Headphones & Accessories
107,New Products,,new-products,,7,Headphones & Accessories
108,Popular Products,,popular-products,,7,Headphones & Accessories
13,Bulbs & Lamps,,bulbs-lamps,,12,Light Controls & Accessories
14,Collapsible & Panel Reflectors,,collapsible-panel-reflectors,,12,Light Controls & Accessories
15,Electronic Flash Accessories,,electronic-flash-accessories,,12,Light Controls & Accessories
16,"Grids, Snoots & Barndoors",,grids-snoots-barndoors,,12,Light Controls & Accessories
17,Radio Slaves,,radio-slaves,,12,Light Controls & Accessories
18,Diffusers and Reflectors,,reflectors,,12,Light Controls & Accessories
19,Softboxes & Umbrellas,,softboxes-umbrellas,,12,Light Controls & Accessories
20,Sync Cords,,sync-cords,,12,Light Controls & Accessories
91,Popular Products,,popular-products,,12,Light Controls & Accessories
92,New Products,,new-products,,12,Light Controls & Accessories
27,Backgrounds,,backgrounds,,26,Studio Equipment
28,Background Supports,,background-supports,,26,Studio Equipment
29,Battery & Power Accessories,,battery-power-accessories,,26,Studio Equipment
30,Clamps & Clips,,clamps-clips,,26,Studio Equipment
31,Extension Arms,,extension-arms,,26,Studio Equipment
32,Grip Heads,,grip-heads,,26,Studio Equipment
33,Grip & Light Mounting Equipment,,grip-light-mounting-equipment,,26,Studio Equipment
34,Light Stands & Booms,,light-stands-booms,,26,Studio Equipment
35,Light Stand Accessories,,light-stand-accessories,,26,Studio Equipment
36,Sandbags,,sandbags,,26,Studio Equipment
37,Shooting Tents,,shooting-tents,,26,Studio Equipment
38,Studio & Stage Equipment,,studio-stage-equipment,,26,Studio Equipment
39,Varipole & Accessories,,varipole-accessories,,26,Studio Equipment
93,Popular Products,,popular-products,,26,Studio Equipment
94,New Products,,new-products,,26,Studio Equipment
120,Gaffer & Specialty Tapes,,gaffer-specialty-tapes,,26,Studio Equipment
124,Equipment Cases,,equipment-cases,,26,Studio Equipment
80,Dedicated Flash Cords,,dedicated-flash-cords,,44,Flash Accessories
81,Flash Brackets & Accessories,,flash-brackets-accessories,,44,Flash Accessories
82,Flash Diffusers,,flash-diffusers,,44,Flash Accessories
83,Flash Trigger Systems,,flash-trigger-systems,,44,Flash Accessories
84,Hot Shoe Adapters,,hot-shoe-adapters,,44,Flash Accessories
97,Popular Products,,popular-products,,44,Flash Accessories
98,New Products,,new-products,,44,Flash Accessories
52,Handheld ENG,,handheld-eng,,46,Microphones & Accessories
53,Lavalier Microphones,,lavalier-microphones,,46,Microphones & Accessories
54,Shotgun,,shotgun,,46,Microphones & Accessories
55,Stereo Microphones,,stereo-microphones,,46,Microphones & Accessories
56,Wireless Systems,,wireless-systems,,46,Microphones & Accessories
57,Accessories,,wireless-accessories,,46,Microphones & Accessories
103,New Products,,new-products,,46,Microphones & Accessories
104,Popular Products,,popular-products,,46,Microphones & Accessories
125,Recording Microphones,,recording-microphones,,46,Microphones & Accessories
105,New Products,,new-products,,47,Wireless Microphones
106,Popular Products,,popular-products,,47,Wireless Microphones
60,Megaphones,,megaphones,,48,Megaphones & Accessories
109,New Products,,new-products,,48,Megaphones & Accessories
110,Popular Products,,popular-products,,48,Megaphones & Accessories
7,Headphones & Accessories,,headphones,,49,Products
46,Microphones & Accessories,,wired-microphones,,49,Products
47,Wireless Microphones,,wireless-microphones,,49,Products
48,Megaphones & Accessories,,megaphones-accessories,,49,Products
50,Microphone Accessories,,microphone-accessories,,49,Products
51,Computer Audio Hardware,,computer-audio-hardware,,49,Products
119,Home Featured Products,,home-featured,,49,Products
62,Boompoles,,boompoles,,50,Microphone Accessories
64,Shock Mounts & Accessories,,shock-mounts-accessories,,50,Microphone Accessories
90,Microphone Clips,,microphone-clips,,50,Microphone Accessories
111,New Products,,new-products,,50,Microphone Accessories
112,Popular Products,,popular-products,,50,Microphone Accessories
63,Audio Interfaces,,audio-interfaces,,51,Computer Audio Hardware
113,New Products,,new-products,,51,Computer Audio Hardware
114,Popular Products,,popular-products,,51,Computer Audio Hardware
67,Camcorder Brackets,,camcorder-brackets,,65,Camcorder Accessories
68,LCD Hoods,,lcd-hoods,,65,Camcorder Accessories
99,New Products,,new-products,,65,Camcorder Accessories
100,Popular Products,,popular-products,,65,Camcorder Accessories
86,Dedicated Lens Hoods,,dedicated-lens-hoods,,66,Lens Accessories
87,Lens Adapters,,lens-adapters,,66,Lens Accessories
88,Snap-On Lens Hoods,,snap-on-lens-hoods,,66,Lens Accessories
89,Tripod Collars,,tripod-collars,,66,Lens Accessories
101,New Products,,new-products,,66,Lens Accessories
102,Popular Products,,popular-products,,66,Lens Accessories
127,Macro Lenses,,macro-lenses,,66,Lens Accessories
121,The Adventurer,,the-adventurer,,117,Featured Products
122,The Chaos Specialist,,the-specialist,,117,Featured Products
123,The Atomist,,the-atomist,,117,Featured Products
130,UV Filters,,uv-filters,,129,Chiaro
154,Camcorder & Camera Accessories,,camcorder-camera-accessories,,131,Axler
155,Camera Supports & Rigs,,camera-supports-rigs,,154,Camcorder & Camera Accessories
156,Camera Sliders & Accessories,,camera-sliders-accessories,,154,Camcorder & Camera Accessories
157,Quick Release Assemblies & Plates,,quick-release-assemblies-plates,,154,Camcorder & Camera Accessories
158,Camera Stabilizers & Accessories,,camera-stabilizers-accessories,,154,Camcorder & Camera Accessories
